library,chr,z_frag_cnt
lib003,chr1 p,-1.81590016237868
lib003,chr1 q,-1.81871204362766
lib003,chr10 p,-1.81653905232703
lib003,chr10 q,-1.82465658949583
lib003,chr11 p,-1.83676158077779
lib003,chr11 q,-1.82925023812662
lib003,chr12 p,-1.8163130363616
lib003,chr12 q,-1.83583582828586
lib003,chr13 q,-1.86441957032899
lib003,chr14 q,-1.84425200671113
lib003,chr15 q,-1.82524745305701
lib003,chr16 p,-1.82023562725085
lib003,chr16 q,-1.83661204012965
lib003,chr17 p,-1.81356196636937
lib003,chr17 q,-1.79913568709987
lib003,chr18 p,-1.86102604390453
lib003,chr18 q,-1.86098122212121
lib003,chr19 p,-1.79690936713223
lib003,chr19 q,-1.82681746547398
lib003,chr2 p,-1.82607928587291
lib003,chr2 q,-1.8334740358226
lib003,chr20 p,-1.8461226737303
lib003,chr20 q,-1.79411681673879
lib003,chr21 q,-1.86518864186557
lib003,chr22 q,-1.77587143406169
lib003,chr3 p,-1.83798403534898
lib003,chr3 q,-1.83133645668067
lib003,chr4 p,-1.84856622012422
lib003,chr4 q,-1.83912028848376
lib003,chr5 p,-1.85799712195231
lib003,chr5 q,-1.83754728334734
lib003,chr6 p,-1.80732639726214
lib003,chr6 q,-1.84420979816209
lib003,chr7 p,-1.839617090792
lib003,chr7 q,-1.85118764271498
lib003,chr8 p,-1.83135443617331
lib003,chr8 q,-1.84045131434062
lib003,chr9 p,-1.85295116112183
lib003,chr9 q,-1.81871080239439
lib009,chr1 p,-1.88746497690734
lib009,chr1 q,-1.89821634268954
lib009,chr10 p,-1.88603569401152
lib009,chr10 q,-1.88780669693077
lib009,chr11 p,-1.92427621051019
lib009,chr11 q,-1.89488574258074
lib009,chr12 p,-1.934599800411
lib009,chr12 q,-1.91717162232302
lib009,chr13 q,-2.0030818383376
lib009,chr14 q,-1.93261083939053
lib009,chr15 q,-1.87650630932881
lib009,chr16 p,-1.80627613917397
lib009,chr16 q,-1.86239855523764
lib009,chr17 p,-1.80566243117081
lib009,chr17 q,-1.80710322268083
lib009,chr18 p,-1.90193682919026
lib009,chr18 q,-1.97930414309794
lib009,chr19 p,-1.74044201999884
lib009,chr19 q,-1.80467905567493
lib009,chr2 p,-1.91107259524645
lib009,chr2 q,-1.94555654935181
lib009,chr20 p,-1.90974650953683
lib009,chr20 q,-1.77129825278202
lib009,chr21 q,-1.95417341992466
lib009,chr22 q,-1.74895869761059
lib009,chr3 p,-1.91904724479644
lib009,chr3 q,-1.94691047271073
lib009,chr4 p,-1.95364339845321
lib009,chr4 q,-1.99972660229335
lib009,chr5 p,-1.97982490293486
lib009,chr5 q,-1.93961426092484
lib009,chr6 p,-1.86752141311679
lib009,chr6 q,-1.97414626570227
lib009,chr7 p,-1.93447220526602
lib009,chr7 q,-1.95443308984399
lib009,chr8 p,-1.90145213576473
lib009,chr8 q,-1.95413997437138
lib009,chr9 p,-1.99601181538519
lib009,chr9 q,-1.8669450447615
lib012,chr1 p,-1.84401432135038
lib012,chr1 q,-1.84757491233825
lib012,chr10 p,-1.84110669976699
lib012,chr10 q,-1.85228830257318
lib012,chr11 p,-1.87767893760146
lib012,chr11 q,-1.86531087729799
lib012,chr12 p,-1.85771340377889
lib012,chr12 q,-1.87856101285925
lib012,chr13 q,-1.91681607052979
lib012,chr14 q,-1.88087899429481
lib012,chr15 q,-1.85376484849186
lib012,chr16 p,-1.85406487053394
lib012,chr16 q,-1.86063700729199
lib012,chr17 p,-1.83668952122782
lib012,chr17 q,-1.81333910828204
lib012,chr18 p,-1.87301662315555
lib012,chr18 q,-1.91523160512481
lib012,chr19 p,-1.80591301893893
lib012,chr19 q,-1.84199749763741
lib012,chr2 p,-1.85964938424677
lib012,chr2 q,-1.87351699886197
lib012,chr20 p,-1.8824334620609
lib012,chr20 q,-1.80548997052852
lib012,chr21 q,-1.90288787618314
lib012,chr22 q,-1.77695402120193
lib012,chr3 p,-1.8766945318175
lib012,chr3 q,-1.87441259240852
lib012,chr4 p,-1.90051935587703
lib012,chr4 q,-1.89045584998809
lib012,chr5 p,-1.92162867225914
lib012,chr5 q,-1.87674386169218
lib012,chr6 p,-1.82034958846173
lib012,chr6 q,-1.89292646376024
lib012,chr7 p,-1.88286751694115
lib012,chr7 q,-1.89430607732221
lib012,chr8 p,-1.86718380118186
lib012,chr8 q,-1.88080577135141
lib012,chr9 p,-1.90896898012649
lib012,chr9 q,-1.83991536323736
lib014,chr1 p,-1.85210353914024
lib014,chr1 q,-1.85095605889434
lib014,chr10 p,-1.85536534598868
lib014,chr10 q,-1.84908150544344
lib014,chr11 p,-1.86631910543134
lib014,chr11 q,-1.85792869563615
lib014,chr12 p,-1.8647782515405
lib014,chr12 q,-1.87754997423207
lib014,chr13 q,-1.91683199651769
lib014,chr14 q,-1.88511223711771
lib014,chr15 q,-1.85516611073159
lib014,chr16 p,-1.84573420829451
lib014,chr16 q,-1.850152613495
lib014,chr17 p,-1.82377742955788
lib014,chr17 q,-1.82298965198937
lib014,chr18 p,-1.87905654272864
lib014,chr18 q,-1.90299355448851
lib014,chr19 p,-1.82332748951156
lib014,chr19 q,-1.84696776737714
lib014,chr2 p,-1.85813792110351
lib014,chr2 q,-1.87310068638585
lib014,chr20 p,-1.87433123095954
lib014,chr20 q,-1.79587987234533
lib014,chr21 q,-1.89811602188137
lib014,chr22 q,-1.78316465269064
lib014,chr3 p,-1.87607864680991
lib014,chr3 q,-1.88007149783309
lib014,chr4 p,-1.88706563647654
lib014,chr4 q,-1.89521182949191
lib014,chr5 p,-1.90820798215679
lib014,chr5 q,-1.87514710486339
lib014,chr6 p,-1.83879350278795
lib014,chr6 q,-1.89534305382299
lib014,chr7 p,-1.86974721667171
lib014,chr7 q,-1.89658702899618
lib014,chr8 p,-1.8638536029404
lib014,chr8 q,-1.8805849141209
lib014,chr9 p,-1.9059605872028
lib014,chr9 q,-1.84416328517814
lib019,chr1 p,-1.00028001580443
lib019,chr1 q,-0.990108568914956
lib019,chr10 p,-0.998064241909957
lib019,chr10 q,-1.00303663796291
lib019,chr11 p,-0.979014393710822
lib019,chr11 q,-0.989876409474494
lib019,chr12 p,-1.01074062441908
lib019,chr12 q,-0.993203038112314
lib019,chr13 q,-0.999091634945885
lib019,chr14 q,-0.997204384844596
lib019,chr15 q,-1.01023915730354
lib019,chr16 p,-0.995837795097534
lib019,chr16 q,-1.01493481736129
lib019,chr17 p,-1.02398914700436
lib019,chr17 q,-1.00566058992123
lib019,chr18 p,-1.02138796334935
lib019,chr18 q,-1.00964384138605
lib019,chr19 p,-1.0144438574453
lib019,chr19 q,-0.979345055935272
lib019,chr2 p,-0.9843170168788
lib019,chr2 q,-0.985435026690888
lib019,chr20 p,-0.982723341575569
lib019,chr20 q,-0.98212855099908
lib019,chr21 q,-1.00409881377765
lib019,chr22 q,-1.00886794158364
lib019,chr3 p,-0.982806464894255
lib019,chr3 q,-0.983107606238072
lib019,chr4 p,-0.984015458022669
lib019,chr4 q,-0.979544227998685
lib019,chr5 p,-0.987747377492679
lib019,chr5 q,-0.974435586752302
lib019,chr6 p,-0.990796337075675
lib019,chr6 q,-0.987609173922344
lib019,chr7 p,-0.986870616008124
lib019,chr7 q,-0.995498478188494
lib019,chr8 p,-1.00928608009538
lib019,chr8 q,-0.984932024467686
lib019,chr9 p,-0.984929522873815
lib019,chr9 q,-1.00376169857836
lib023,chr1 p,-1.55188625318615
lib023,chr1 q,-1.54939472298631
lib023,chr10 p,-1.54264471705471
lib023,chr10 q,-1.54616948822633
lib023,chr11 p,-1.55830594072015
lib023,chr11 q,-1.55189771835111
lib023,chr12 p,-1.57359147280613
lib023,chr12 q,-1.56469639465695
lib023,chr13 q,-1.60481004152253
lib023,chr14 q,-1.56963048982385
lib023,chr15 q,-1.55568561068674
lib023,chr16 p,-1.49759133024807
lib023,chr16 q,-1.53729745365389
lib023,chr17 p,-1.52689449627205
lib023,chr17 q,-1.52640081529031
lib023,chr18 p,-1.55224631321702
lib023,chr18 q,-1.58879652885349
lib023,chr19 p,-1.53191299790782
lib023,chr19 q,-1.53500050338
lib023,chr2 p,-1.55587875657896
lib023,chr2 q,-1.56705504164995
lib023,chr20 p,-1.54397341863165
lib023,chr20 q,-1.4969552393841
lib023,chr21 q,-1.58401386480232
lib023,chr22 q,-1.49493057479229
lib023,chr3 p,-1.56174368138369
lib023,chr3 q,-1.56822473623854
lib023,chr4 p,-1.57573322121138
lib023,chr4 q,-1.59300542651184
lib023,chr5 p,-1.59000234234399
lib023,chr5 q,-1.56844433427041
lib023,chr6 p,-1.52754403872327
lib023,chr6 q,-1.58738445166085
lib023,chr7 p,-1.56969681461573
lib023,chr7 q,-1.58300404565032
lib023,chr8 p,-1.54935800651265
lib023,chr8 q,-1.56921462904488
lib023,chr9 p,-1.59696006480004
lib023,chr9 q,-1.53688992168993
lib027,chr1 p,-1.92648307128762
lib027,chr1 q,-1.96472643145744
lib027,chr10 p,-1.92634488688022
lib027,chr10 q,-1.93368202618797
lib027,chr11 p,-2.03654688926009
lib027,chr11 q,-1.94623804376591
lib027,chr12 p,-2.05872899581542
lib027,chr12 q,-1.99123397429601
lib027,chr13 q,-2.15590230959195
lib027,chr14 q,-2.02407045502938
lib027,chr15 q,-1.90859863233135
lib027,chr16 p,-1.72296951677967
lib027,chr16 q,-1.84435860639666
lib027,chr17 p,-1.71359636231042
lib027,chr17 q,-1.74204960799238
lib027,chr18 p,-1.93552830307215
lib027,chr18 q,-2.11721540731876
lib027,chr19 p,-1.49541671383539
lib027,chr19 q,-1.64347664044964
lib027,chr2 p,-1.99229003543921
lib027,chr2 q,-2.07135288562385
lib027,chr20 p,-1.98827418623772
lib027,chr20 q,-1.68441718469583
lib027,chr21 q,-2.03833878367233
lib027,chr22 q,-1.60199274513448
lib027,chr3 p,-2.01839586774515
lib027,chr3 q,-2.09464897699271
lib027,chr4 p,-2.07510156324111
lib027,chr4 q,-2.19877000640833
lib027,chr5 p,-2.14271688289246
lib027,chr5 q,-2.07135430290403
lib027,chr6 p,-1.90519736108905
lib027,chr6 q,-2.13808505045858
lib027,chr7 p,-2.0431871776447
lib027,chr7 q,-2.07082920896985
lib027,chr8 p,-1.95003734939458
lib027,chr8 q,-2.08931900318029
lib027,chr9 p,-2.19058541309569
lib027,chr9 q,-1.88616584007768
lib032,chr1 p,-1.88865772381615
lib032,chr1 q,-1.90008686494396
lib032,chr10 p,-1.87718107470785
lib032,chr10 q,-1.88695683903419
lib032,chr11 p,-1.92205016255418
lib032,chr11 q,-1.90106831972253
lib032,chr12 p,-1.91856457343044
lib032,chr12 q,-1.91489301287968
lib032,chr13 q,-1.98549954769271
lib032,chr14 q,-1.92571901222152
lib032,chr15 q,-1.87982832615079
lib032,chr16 p,-1.82493569682513
lib032,chr16 q,-1.87156709394271
lib032,chr17 p,-1.82951966197129
lib032,chr17 q,-1.82740633227478
lib032,chr18 p,-1.89684901516564
lib032,chr18 q,-1.96576953069453
lib032,chr19 p,-1.77093586953347
lib032,chr19 q,-1.82323472936993
lib032,chr2 p,-1.90682265091003
lib032,chr2 q,-1.93581693646508
lib032,chr20 p,-1.90271036147512
lib032,chr20 q,-1.79061960807664
lib032,chr21 q,-1.94546993815832
lib032,chr22 q,-1.76831231683689
lib032,chr3 p,-1.92022061192297
lib032,chr3 q,-1.93647344310912
lib032,chr4 p,-1.94249636549475
lib032,chr4 q,-1.98290727894393
lib032,chr5 p,-1.96878665469725
lib032,chr5 q,-1.93498746792332
lib032,chr6 p,-1.86746374584949
lib032,chr6 q,-1.96524068380439
lib032,chr7 p,-1.92783444723131
lib032,chr7 q,-1.95210708233448
lib032,chr8 p,-1.89734885578865
lib032,chr8 q,-1.94195441673981
lib032,chr9 p,-1.98047616577415
lib032,chr9 q,-1.86798950081624
lib041,chr1 p,-1.39670121333078
lib041,chr1 q,-1.38705706879961
lib041,chr10 p,-1.38996313331293
lib041,chr10 q,-1.39632820962127
lib041,chr11 p,-1.39001471879035
lib041,chr11 q,-1.3987635875033
lib041,chr12 p,-1.36635593846547
lib041,chr12 q,-1.39668793104313
lib041,chr13 q,-1.3904887136495
lib041,chr14 q,-1.40475511903717
lib041,chr15 q,-1.40380245475137
lib041,chr16 p,-1.42056084866253
lib041,chr16 q,-1.42053653771428
lib041,chr17 p,-1.4281344437695
lib041,chr17 q,-1.40322991420307
lib041,chr18 p,-1.40824034901124
lib041,chr18 q,-1.40238079564734
lib041,chr19 p,-1.45829054465714
lib041,chr19 q,-1.45976304519481
lib041,chr2 p,-1.39033171223056
lib041,chr2 q,-1.38372711991728
lib041,chr20 p,-1.41568098563973
lib041,chr20 q,-1.40526189656858
lib041,chr21 q,-1.40794670907023
lib041,chr22 q,-1.40957712552535
lib041,chr3 p,-1.38837736110022
lib041,chr3 q,-1.38029431254188
lib041,chr4 p,-1.39418411824827
lib041,chr4 q,-1.36706101332842
lib041,chr5 p,-1.39837739517353
lib041,chr5 q,-1.38323194753659
lib041,chr6 p,-1.38626884503853
lib041,chr6 q,-1.38313783969137
lib041,chr7 p,-1.38818563204344
lib041,chr7 q,-1.39809489661367
lib041,chr8 p,-1.38754605267321
lib041,chr8 q,-1.38173564780069
lib041,chr9 p,-1.37546520733653
lib041,chr9 q,-1.39497708391603
lib052,chr1 p,-1.86498438032501
lib052,chr1 q,-1.87393270187774
lib052,chr10 p,-1.86943862980948
lib052,chr10 q,-1.88547808629415
lib052,chr11 p,-1.88967763555268
lib052,chr11 q,-1.88298197465102
lib052,chr12 p,-1.88057978126686
lib052,chr12 q,-1.89620640342711
lib052,chr13 q,-1.93721195237087
lib052,chr14 q,-1.90603038859549
lib052,chr15 q,-1.87826984912319
lib052,chr16 p,-1.85609124783543
lib052,chr16 q,-1.88218944028966
lib052,chr17 p,-1.84950643777489
lib052,chr17 q,-1.83715415968884
lib052,chr18 p,-1.90845280153759
lib052,chr18 q,-1.92645292746892
lib052,chr19 p,-1.80772857012629
lib052,chr19 q,-1.84943219278976
lib052,chr2 p,-1.8823547955244
lib052,chr2 q,-1.89963973213255
lib052,chr20 p,-1.91465049151924
lib052,chr20 q,-1.83244159926783
lib052,chr21 q,-1.91238402477701
lib052,chr22 q,-1.79758015513693
lib052,chr3 p,-1.89641878012097
lib052,chr3 q,-1.89655534169886
lib052,chr4 p,-1.91276704124946
lib052,chr4 q,-1.90866587270136
lib052,chr5 p,-1.93782688252539
lib052,chr5 q,-1.90020858347146
lib052,chr6 p,-1.85464239008546
lib052,chr6 q,-1.91175349041571
lib052,chr7 p,-1.89877257126916
lib052,chr7 q,-1.91109500803853
lib052,chr8 p,-1.8921156871235
lib052,chr8 q,-1.90498003560475
lib052,chr9 p,-1.91538688503036
lib052,chr9 q,-1.86028576119098
lib060,chr1 p,-0.45516166126233
lib060,chr1 q,-0.445104680968483
lib060,chr10 p,-0.469111243024164
lib060,chr10 q,-0.468362706630077
lib060,chr11 p,-0.444243805821664
lib060,chr11 q,-0.457944082103509
lib060,chr12 p,-0.427072743696295
lib060,chr12 q,-0.456034694462523
lib060,chr13 q,-0.417315296850056
lib060,chr14 q,-0.446758786548359
lib060,chr15 q,-0.455496525159215
lib060,chr16 p,-0.515473798129322
lib060,chr16 q,-0.476357450581027
lib060,chr17 p,-0.490088432720617
lib060,chr17 q,-0.483558392657966
lib060,chr18 p,-0.474938885125519
lib060,chr18 q,-0.434716639389843
lib060,chr19 p,-0.462479244422936
lib060,chr19 q,-0.465129232445556
lib060,chr2 p,-0.448550740106607
lib060,chr2 q,-0.43242862301079
lib060,chr20 p,-0.485374281916329
lib060,chr20 q,-0.504037004842126
lib060,chr21 q,-0.452069781745671
lib060,chr22 q,-0.503812551528757
lib060,chr3 p,-0.454870898257606
lib060,chr3 q,-0.429529746712777
lib060,chr4 p,-0.43900516801808
lib060,chr4 q,-0.400478952682759
lib060,chr5 p,-0.429274271431969
lib060,chr5 q,-0.433617850642793
lib060,chr6 p,-0.456047767361298
lib060,chr6 q,-0.41938382200296
lib060,chr7 p,-0.4522708794904
lib060,chr7 q,-0.429890046796799
lib060,chr8 p,-0.466121826739613
lib060,chr8 q,-0.43930903771927
lib060,chr9 p,-0.408721998223507
lib060,chr9 q,-0.471558765394487
lib061,chr1 p,-0.569950137991606
lib061,chr1 q,-0.549697655736478
lib061,chr10 p,-0.557286711259055
lib061,chr10 q,-0.564470303294259
lib061,chr11 p,-0.529572316709376
lib061,chr11 q,-0.558776774123896
lib061,chr12 p,-0.520012344020824
lib061,chr12 q,-0.54598695202385
lib061,chr13 q,-0.492406329812603
lib061,chr14 q,-0.539695992675713
lib061,chr15 q,-0.576982543630833
lib061,chr16 p,-0.634129446782825
lib061,chr16 q,-0.600323734322422
lib061,chr17 p,-0.623143254498858
lib061,chr17 q,-0.591076345332811
lib061,chr18 p,-0.571607351593406
lib061,chr18 q,-0.520308371583971
lib061,chr19 p,-0.636661002214311
lib061,chr19 q,-0.628319755566738
lib061,chr2 p,-0.54002493572544
lib061,chr2 q,-0.520630893161813
lib061,chr20 p,-0.55703638384185
lib061,chr20 q,-0.631959695244489
lib061,chr21 q,-0.521903729251512
lib061,chr22 q,-0.626201876645847
lib061,chr3 p,-0.543887519268618
lib061,chr3 q,-0.518776161618357
lib061,chr4 p,-0.523977876189852
lib061,chr4 q,-0.478630595050118
lib061,chr5 p,-0.506637785652606
lib061,chr5 q,-0.524671007903608
lib061,chr6 p,-0.550564418473329
lib061,chr6 q,-0.499856271092249
lib061,chr7 p,-0.523880145331166
lib061,chr7 q,-0.528691862146149
lib061,chr8 p,-0.550774276680977
lib061,chr8 q,-0.526797308468902
lib061,chr9 p,-0.494330061472444
lib061,chr9 q,-0.572576592273204
lib065,chr1 p,-0.619343892332956
lib065,chr1 q,-0.619546271566058
lib065,chr10 p,-0.610328875203718
lib065,chr10 q,-0.626674235604348
lib065,chr11 p,-0.63995634494947
lib065,chr11 q,-0.625203226613206
lib065,chr12 p,-0.627692848071874
lib065,chr12 q,-0.628736188121898
lib065,chr13 q,-0.66596774597927
lib065,chr14 q,-0.634833406537774
lib065,chr15 q,-0.617311554432754
lib065,chr16 p,-0.595515701537899
lib065,chr16 q,-0.623871173427212
lib065,chr17 p,-0.585009755267231
lib065,chr17 q,-0.588342673173778
lib065,chr18 p,-0.640367224171827
lib065,chr18 q,-0.670970714478428
lib065,chr19 p,-0.52665342108634
lib065,chr19 q,-0.565632228474376
lib065,chr2 p,-0.631482399279957
lib065,chr2 q,-0.645940948474342
lib065,chr20 p,-0.639103456234391
lib065,chr20 q,-0.599242007595263
lib065,chr21 q,-0.657132690028998
lib065,chr22 q,-0.572395396500485
lib065,chr3 p,-0.628895578376774
lib065,chr3 q,-0.639479701597785
lib065,chr4 p,-0.659615722608731
lib065,chr4 q,-0.657542475804082
lib065,chr5 p,-0.67127768778232
lib065,chr5 q,-0.635744454355882
lib065,chr6 p,-0.615084479375817
lib065,chr6 q,-0.653640902418261
lib065,chr7 p,-0.64685671062624
lib065,chr7 q,-0.637372169436601
lib065,chr8 p,-0.626506552761291
lib065,chr8 q,-0.646588349803734
lib065,chr9 p,-0.647264415587909
lib065,chr9 q,-0.621343577325957
lib067,chr1 p,-0.2678880151232
lib067,chr1 q,-0.265790261510663
lib067,chr10 p,-0.275336240871486
lib067,chr10 q,-0.273711253998196
lib067,chr11 p,-0.238768598976475
lib067,chr11 q,-0.269507303951407
lib067,chr12 p,-0.232259117252015
lib067,chr12 q,-0.259777509802774
lib067,chr13 q,-0.192042197962416
lib067,chr14 q,-0.246550668021951
lib067,chr15 q,-0.275943566558391
lib067,chr16 p,-0.320153541569715
lib067,chr16 q,-0.311843728885868
lib067,chr17 p,-0.338442736940934
lib067,chr17 q,-0.329169150081981
lib067,chr18 p,-0.27240818298735
lib067,chr18 q,-0.205001339831782
lib067,chr19 p,-0.407679240216715
lib067,chr19 q,-0.379785559122917
lib067,chr2 p,-0.249472638867741
lib067,chr2 q,-0.227270534463018
lib067,chr20 p,-0.262008563448088
lib067,chr20 q,-0.348541280855522
lib067,chr21 q,-0.237352191502968
lib067,chr22 q,-0.365982115095684
lib067,chr3 p,-0.250492644100506
lib067,chr3 q,-0.22386504359686
lib067,chr4 p,-0.223382676494974
lib067,chr4 q,-0.171876994404573
lib067,chr5 p,-0.201613394548705
lib067,chr5 q,-0.232905517263775
lib067,chr6 p,-0.291494220107985
lib067,chr6 q,-0.197366322738765
lib067,chr7 p,-0.238200900285684
lib067,chr7 q,-0.230112472033524
lib067,chr8 p,-0.294453080783706
lib067,chr8 q,-0.215609470670273
lib067,chr9 p,-0.189572144474875
lib067,chr9 q,-0.296237353413113
lib076,chr1 p,-0.711168895703669
lib076,chr1 q,-0.698666995178303
lib076,chr10 p,-0.719878054124912
lib076,chr10 q,-0.710617532908865
lib076,chr11 p,-0.69342142500499
lib076,chr11 q,-0.711996591008844
lib076,chr12 p,-0.674000857827384
lib076,chr12 q,-0.703341784730386
lib076,chr13 q,-0.647828045757777
lib076,chr14 q,-0.690814672454454
lib076,chr15 q,-0.716192820578617
lib076,chr16 p,-0.781210665915463
lib076,chr16 q,-0.744017232708163
lib076,chr17 p,-0.773900649131715
lib076,chr17 q,-0.759707922573651
lib076,chr18 p,-0.709632902822871
lib076,chr18 q,-0.66332193283074
lib076,chr19 p,-0.841521869865558
lib076,chr19 q,-0.807228756739822
lib076,chr2 p,-0.691846109979465
lib076,chr2 q,-0.670401930264599
lib076,chr20 p,-0.705989506142264
lib076,chr20 q,-0.759940190748705
lib076,chr21 q,-0.677488374160098
lib076,chr22 q,-0.771344524464718
lib076,chr3 p,-0.695007648329603
lib076,chr3 q,-0.66396359482587
lib076,chr4 p,-0.677928705326198
lib076,chr4 q,-0.635450526367839
lib076,chr5 p,-0.654217488499682
lib076,chr5 q,-0.678659195030625
lib076,chr6 p,-0.709514629586891
lib076,chr6 q,-0.660416304927503
lib076,chr7 p,-0.684875451281723
lib076,chr7 q,-0.679673967024754
lib076,chr8 p,-0.708839757498783
lib076,chr8 q,-0.674786056647801
lib076,chr9 p,-0.645737077642037
lib076,chr9 q,-0.713907618956202
lib080,chr1 p,-0.386729355051273
lib080,chr1 q,-0.466674880636533
lib080,chr10 p,-0.364923315082323
lib080,chr10 q,-0.383552554271053
lib080,chr11 p,-0.55373941133492
lib080,chr11 q,-0.411917497688659
lib080,chr12 p,-0.626758059055071
lib080,chr12 q,-0.456537698754652
lib080,chr13 q,-0.718422641469049
lib080,chr14 q,-0.505204500834553
lib080,chr15 q,-0.340893780226163
lib080,chr16 p,0.059792202458341
lib080,chr16 q,-0.17283000546417
lib080,chr17 p,0.0309319149341404
lib080,chr17 q,-0.105640377135011
lib080,chr18 p,-0.345601297025824
lib080,chr18 q,-0.641299038354897
lib080,chr19 p,0.378824944560464
lib080,chr19 q,0.209419209064997
lib080,chr2 p,-0.503682892029792
lib080,chr2 q,-0.627311839773954
lib080,chr20 p,-0.421942341056935
lib080,chr20 q,0.0350678263214678
lib080,chr21 q,-0.528799930651067
lib080,chr22 q,0.137079035490344
lib080,chr3 p,-0.512716304789574
lib080,chr3 q,-0.667021229208501
lib080,chr4 p,-0.593529741497876
lib080,chr4 q,-0.851833439090468
lib080,chr5 p,-0.670164285302822
lib080,chr5 q,-0.620244507710691
lib080,chr6 p,-0.385174695844101
lib080,chr6 q,-0.715545884525488
lib080,chr7 p,-0.553005933681547
lib080,chr7 q,-0.581497301393456
lib080,chr8 p,-0.39337780890275
lib080,chr8 q,-0.634037897617391
lib080,chr9 p,-0.794536819944434
lib080,chr9 q,-0.319264455022757
lib086,chr1 p,-0.25262580727274
lib086,chr1 q,-0.238371720110441
lib086,chr10 p,-0.248829417545376
lib086,chr10 q,-0.248136197030553
lib086,chr11 p,-0.225172736572514
lib086,chr11 q,-0.245857957699011
lib086,chr12 p,-0.230443469353993
lib086,chr12 q,-0.249717423960206
lib086,chr13 q,-0.189478113910036
lib086,chr14 q,-0.234433347483007
lib086,chr15 q,-0.262327398843573
lib086,chr16 p,-0.338334649024687
lib086,chr16 q,-0.279955466375776
lib086,chr17 p,-0.316140033147394
lib086,chr17 q,-0.277209922319011
lib086,chr18 p,-0.270117179011349
lib086,chr18 q,-0.212043815617153
lib086,chr19 p,-0.339095867812581
lib086,chr19 q,-0.320204450617886
lib086,chr2 p,-0.229840350069601
lib086,chr2 q,-0.217422470427038
lib086,chr20 p,-0.263884869597879
lib086,chr20 q,-0.295317233323676
lib086,chr21 q,-0.214190466802393
lib086,chr22 q,-0.321615035102896
lib086,chr3 p,-0.232361201851156
lib086,chr3 q,-0.216220957640281
lib086,chr4 p,-0.215982545371292
lib086,chr4 q,-0.187935502580397
lib086,chr5 p,-0.201804947663458
lib086,chr5 q,-0.219310273407212
lib086,chr6 p,-0.255250342607124
lib086,chr6 q,-0.205587204118868
lib086,chr7 p,-0.218981532110902
lib086,chr7 q,-0.226367205704657
lib086,chr8 p,-0.244485240205391
lib086,chr8 q,-0.218816701756913
lib086,chr9 p,-0.204074141132652
lib086,chr9 q,-0.262127801987685
lib088,chr1 p,-0.403630042219374
lib088,chr1 q,-0.38546106629909
lib088,chr10 p,-0.409966378496621
lib088,chr10 q,-0.407042626532428
lib088,chr11 p,-0.380217475822391
lib088,chr11 q,-0.395762384069757
lib088,chr12 p,-0.374329071094328
lib088,chr12 q,-0.38524690043129
lib088,chr13 q,-0.332021014304334
lib088,chr14 q,-0.384468101392443
lib088,chr15 q,-0.42300091204865
lib088,chr16 p,-0.463547879778821
lib088,chr16 q,-0.425272560157206
lib088,chr17 p,-0.449131404843719
lib088,chr17 q,-0.436550905567408
lib088,chr18 p,-0.431439562879889
lib088,chr18 q,-0.354674937781538
lib088,chr19 p,-0.453809061201667
lib088,chr19 q,-0.465398455389791
lib088,chr2 p,-0.381181871813217
lib088,chr2 q,-0.358286519595328
lib088,chr20 p,-0.401622798321135
lib088,chr20 q,-0.466030150373281
lib088,chr21 q,-0.376433513062274
lib088,chr22 q,-0.48033750406682
lib088,chr3 p,-0.387367777684182
lib088,chr3 q,-0.353540686854277
lib088,chr4 p,-0.358271142546898
lib088,chr4 q,-0.308377852574303
lib088,chr5 p,-0.34635571688351
lib088,chr5 q,-0.360037775251318
lib088,chr6 p,-0.40887594270624
lib088,chr6 q,-0.339466293594744
lib088,chr7 p,-0.377392951508745
lib088,chr7 q,-0.358363907884598
lib088,chr8 p,-0.389913808053375
lib088,chr8 q,-0.362652373753261
lib088,chr9 p,-0.327665093500148
lib088,chr9 q,-0.41574695930134
lib090,chr1 p,-0.526953469147339
lib090,chr1 q,-0.542670174659116
lib090,chr10 p,-0.502262595489579
lib090,chr10 q,-0.512594977287229
lib090,chr11 p,-0.531508878608325
lib090,chr11 q,-0.521621990170509
lib090,chr12 p,-0.540038401034659
lib090,chr12 q,-0.536942934851381
lib090,chr13 q,-0.567502671437784
lib090,chr14 q,-0.537414894950758
lib090,chr15 q,-0.508512085799842
lib090,chr16 p,-0.437796001572475
lib090,chr16 q,-0.491235102507532
lib090,chr17 p,-0.497829342714392
lib090,chr17 q,-0.524329994147314
lib090,chr18 p,-0.473659493294765
lib090,chr18 q,-0.548207769033037
lib090,chr19 p,-0.559518602784053
lib090,chr19 q,-0.535831319493236
lib090,chr2 p,-0.541424851773262
lib090,chr2 q,-0.544874972653586
lib090,chr20 p,-0.490320907220322
lib090,chr20 q,-0.474715366926808
lib090,chr21 q,-0.553975029093582
lib090,chr22 q,-0.482407714563059
lib090,chr3 p,-0.518684018138994
lib090,chr3 q,-0.543689036386692
lib090,chr4 p,-0.544140891688239
lib090,chr4 q,-0.567132862453679
lib090,chr5 p,-0.554490148131698
lib090,chr5 q,-0.538992395937073
lib090,chr6 p,-0.5209618879237
lib090,chr6 q,-0.557894709099089
lib090,chr7 p,-0.533320918106806
lib090,chr7 q,-0.55523538125585
lib090,chr8 p,-0.525188244656199
lib090,chr8 q,-0.530201390565351
lib090,chr9 p,-0.543420862924619
lib090,chr9 q,-0.509811092177997
lib092,chr1 p,2.28573359081797
lib092,chr1 q,2.25450406910005
lib092,chr10 p,2.31141032208145
lib092,chr10 q,2.29344882847113
lib092,chr11 p,2.20902567673942
lib092,chr11 q,2.27554596260345
lib092,chr12 p,2.1653668505785
lib092,chr12 q,2.21400765897068
lib092,chr13 q,2.05409012325952
lib092,chr14 q,2.19885619778778
lib092,chr15 q,2.31639157693798
lib092,chr16 p,2.38134513085732
lib092,chr16 q,2.32099129884419
lib092,chr17 p,2.40003107352068
lib092,chr17 q,2.41336555463375
lib092,chr18 p,2.24683334496048
lib092,chr18 q,2.11668372371642
lib092,chr19 p,2.35929487344938
lib092,chr19 q,2.31314800477808
lib092,chr2 p,2.24851859385945
lib092,chr2 q,2.1412780760065
lib092,chr20 p,2.28377641358413
lib092,chr20 q,2.4487054029496
lib092,chr21 q,2.16003692170379
lib092,chr22 q,2.49320649329225
lib092,chr3 p,2.21870715711074
lib092,chr3 q,2.13018028579058
lib092,chr4 p,2.1487457478968
lib092,chr4 q,1.98078761248352
lib092,chr5 p,2.01750549571885
lib092,chr5 q,2.15017041006325
lib092,chr6 p,2.37335825808779
lib092,chr6 q,2.0803056127293
lib092,chr7 p,2.17252873203187
lib092,chr7 q,2.1104931281869
lib092,chr8 p,2.23200776188148
lib092,chr8 q,2.1308161562968
lib092,chr9 p,2.0094859444607
lib092,chr9 q,2.33165613895814
lib095,chr1 p,-0.442965927298536
lib095,chr1 q,-0.439474172207713
lib095,chr10 p,-0.460399210182716
lib095,chr10 q,-0.443847139173501
lib095,chr11 p,-0.419377951748045
lib095,chr11 q,-0.441709873681087
lib095,chr12 p,-0.420241593188882
lib095,chr12 q,-0.435874282434016
lib095,chr13 q,-0.396855711057362
lib095,chr14 q,-0.430284191868131
lib095,chr15 q,-0.453985896110533
lib095,chr16 p,-0.510295278358866
lib095,chr16 q,-0.479869934737713
lib095,chr17 p,-0.493070586570678
lib095,chr17 q,-0.465132858603844
lib095,chr18 p,-0.47086268324614
lib095,chr18 q,-0.408897337437648
lib095,chr19 p,-0.48367302563048
lib095,chr19 q,-0.473123082943624
lib095,chr2 p,-0.430714359545115
lib095,chr2 q,-0.422612044792332
lib095,chr20 p,-0.445374846268523
lib095,chr20 q,-0.488082796730489
lib095,chr21 q,-0.423930109368176
lib095,chr22 q,-0.502672986117983
lib095,chr3 p,-0.431265512535611
lib095,chr3 q,-0.404142254070123
lib095,chr4 p,-0.415411395527227
lib095,chr4 q,-0.379721083806738
lib095,chr5 p,-0.406024512128892
lib095,chr5 q,-0.42237592220771
lib095,chr6 p,-0.443649304890837
lib095,chr6 q,-0.400646298683148
lib095,chr7 p,-0.431599787068687
lib095,chr7 q,-0.414954037316865
lib095,chr8 p,-0.45757332678944
lib095,chr8 q,-0.413439934283917
lib095,chr9 p,-0.379702577251935
lib095,chr9 q,-0.452113657368565
lib096,chr1 p,-0.241738380471897
lib096,chr1 q,-0.252957058195533
lib096,chr10 p,-0.24928569422447
lib096,chr10 q,-0.245286340217367
lib096,chr11 p,-0.265760678227806
lib096,chr11 q,-0.243834448975631
lib096,chr12 p,-0.30182899215645
lib096,chr12 q,-0.246115913228566
lib096,chr13 q,-0.326176176743941
lib096,chr14 q,-0.263079189362344
lib096,chr15 q,-0.237706195977722
lib096,chr16 p,-0.162180544441605
lib096,chr16 q,-0.1970141486457
lib096,chr17 p,-0.16684199039861
lib096,chr17 q,-0.194723067385061
lib096,chr18 p,-0.243696250041363
lib096,chr18 q,-0.299724971090649
lib096,chr19 p,-0.0776564968328012
lib096,chr19 q,-0.11267497952685
lib096,chr2 p,-0.263304478702794
lib096,chr2 q,-0.290819409494485
lib096,chr20 p,-0.227467472963309
lib096,chr20 q,-0.158579264888616
lib096,chr21 q,-0.289319428716168
lib096,chr22 q,-0.153016332578935
lib096,chr3 p,-0.252085450154622
lib096,chr3 q,-0.292383435568244
lib096,chr4 p,-0.276846282049929
lib096,chr4 q,-0.341761714656878
lib096,chr5 p,-0.299772393789654
lib096,chr5 q,-0.277839014786346
lib096,chr6 p,-0.23569152777969
lib096,chr6 q,-0.308516040124522
lib096,chr7 p,-0.277927014741016
lib096,chr7 q,-0.281070622023886
lib096,chr8 p,-0.227150369002083
lib096,chr8 q,-0.286211765773627
lib096,chr9 p,-0.322558539357889
lib096,chr9 q,-0.224190914952253
lib101,chr1 p,-0.0880308610087539
lib101,chr1 q,-0.0874560904241452
lib101,chr10 p,-0.118690753480071
lib101,chr10 q,-0.102912479663561
lib101,chr11 p,-0.10087341303791
lib101,chr11 q,-0.0802136654278409
lib101,chr12 p,-0.0930294838838374
lib101,chr12 q,-0.0917791062748007
lib101,chr13 q,-0.109646445215036
lib101,chr14 q,-0.0930969638580905
lib101,chr15 q,-0.0877301237734927
lib101,chr16 p,-0.0974209031817122
lib101,chr16 q,-0.0863655918427962
lib101,chr17 p,-0.0432729558668385
lib101,chr17 q,-0.0538854451561677
lib101,chr18 p,-0.1134065563932
lib101,chr18 q,-0.112796209847154
lib101,chr19 p,0.0494691383474175
lib101,chr19 q,-0.0238935363008965
lib101,chr2 p,-0.103016879904572
lib101,chr2 q,-0.109279182512219
lib101,chr20 p,-0.110816666764402
lib101,chr20 q,-0.086611913080689
lib101,chr21 q,-0.108512125355415
lib101,chr22 q,-0.0418707195148114
lib101,chr3 p,-0.105924257275451
lib101,chr3 q,-0.103640685125158
lib101,chr4 p,-0.103821380760929
lib101,chr4 q,-0.11498925147056
lib101,chr5 p,-0.109117184262626
lib101,chr5 q,-0.0986562859821919
lib101,chr6 p,-0.0886688297869368
lib101,chr6 q,-0.112445557867318
lib101,chr7 p,-0.109536132438168
lib101,chr7 q,-0.107284632385005
lib101,chr8 p,-0.122576197437707
lib101,chr8 q,-0.117078338394785
lib101,chr9 p,-0.113112681245152
lib101,chr9 q,-0.0845141945036159
lib107,chr1 p,0.949592915225888
lib107,chr1 q,1.04268504269969
lib107,chr10 p,0.973706909501766
lib107,chr10 q,0.967086940722807
lib107,chr11 p,1.04601045136441
lib107,chr11 q,0.986175431793134
lib107,chr12 p,1.08552374576339
lib107,chr12 q,1.02503126345211
lib107,chr13 q,1.15990429779622
lib107,chr14 q,1.05123215749682
lib107,chr15 q,0.968678061044492
lib107,chr16 p,0.829928153538616
lib107,chr16 q,0.936541954379429
lib107,chr17 p,0.770347444544409
lib107,chr17 q,0.871370161155072
lib107,chr18 p,0.997611358773741
lib107,chr18 q,1.13775160620233
lib107,chr19 p,0.549338547912072
lib107,chr19 q,0.723655742011962
lib107,chr2 p,1.04487523782599
lib107,chr2 q,1.09830687217325
lib107,chr20 p,1.04897507207485
lib107,chr20 q,0.822127641886749
lib107,chr21 q,1.09535854563177
lib107,chr22 q,0.717060851303594
lib107,chr3 p,1.03430188462382
lib107,chr3 q,1.11699434222172
lib107,chr4 p,1.13037295640948
lib107,chr4 q,1.19512740012023
lib107,chr5 p,1.15635452420996
lib107,chr5 q,1.08777205582919
lib107,chr6 p,0.969602414939879
lib107,chr6 q,1.13756697825317
lib107,chr7 p,1.07992819456318
lib107,chr7 q,1.08980949393035
lib107,chr8 p,1.00786256901672
lib107,chr8 q,1.08493233745053
lib107,chr9 p,1.1499495170231
lib107,chr9 q,0.952350276970893
lib117,chr1 p,1.88937430057063
lib117,chr1 q,1.9254578948005
lib117,chr10 p,1.867253492276
lib117,chr10 q,1.88268417845916
lib117,chr11 p,1.95445762752809
lib117,chr11 q,1.90639074087604
lib117,chr12 p,1.99624194538446
lib117,chr12 q,1.92341201932224
lib117,chr13 q,2.08153060041635
lib117,chr14 q,1.94990916380477
lib117,chr15 q,1.88867165796859
lib117,chr16 p,1.72063355405713
lib117,chr16 q,1.8096436430792
lib117,chr17 p,1.71641989095569
lib117,chr17 q,1.74322674084378
lib117,chr18 p,1.90708043064937
lib117,chr18 q,2.03466453221871
lib117,chr19 p,1.57153091846056
lib117,chr19 q,1.67929364676158
lib117,chr2 p,1.93405617709333
lib117,chr2 q,1.98113770966654
lib117,chr20 p,1.95179815503597
lib117,chr20 q,1.71264413849479
lib117,chr21 q,1.99178546089119
lib117,chr22 q,1.65758217032878
lib117,chr3 p,1.96786144100157
lib117,chr3 q,1.99652515420233
lib117,chr4 p,1.98692642490743
lib117,chr4 q,2.06036180229175
lib117,chr5 p,2.01614067977624
lib117,chr5 q,1.97060750106177
lib117,chr6 p,1.87798682073115
lib117,chr6 q,2.02793721103633
lib117,chr7 p,1.98788584243633
lib117,chr7 q,1.9794820224093
lib117,chr8 p,1.88618748824501
lib117,chr8 q,2.04913258971445
lib117,chr9 p,2.03180976272007
lib117,chr9 q,1.852124633931
lib126,chr1 p,-1.73922593375622
lib126,chr1 q,-1.73955343602038
lib126,chr10 p,-1.75104909023084
lib126,chr10 q,-1.76402772715406
lib126,chr11 p,-1.76583749679824
lib126,chr11 q,-1.75925133701167
lib126,chr12 p,-1.76180764599719
lib126,chr12 q,-1.76699466086516
lib126,chr13 q,-1.80181982054501
lib126,chr14 q,-1.77922723988488
lib126,chr15 q,-1.76379697727578
lib126,chr16 p,-1.74953757473245
lib126,chr16 q,-1.77391791203992
lib126,chr17 p,-1.7370094425375
lib126,chr17 q,-1.72296254473252
lib126,chr18 p,-1.79464643519728
lib126,chr18 q,-1.80747706171738
lib126,chr19 p,-1.67782403006746
lib126,chr19 q,-1.73250659716258
lib126,chr2 p,-1.75013802329465
lib126,chr2 q,-1.7553647193994
lib126,chr20 p,-1.79015331414848
lib126,chr20 q,-1.73359487509791
lib126,chr21 q,-1.79655954793758
lib126,chr22 q,-1.7083711762302
lib126,chr3 p,-1.76170986277089
lib126,chr3 q,-1.75847348570591
lib126,chr4 p,-1.77010375389037
lib126,chr4 q,-1.76870419016055
lib126,chr5 p,-1.78871475476029
lib126,chr5 q,-1.76403564039138
lib126,chr6 p,-1.73754900382373
lib126,chr6 q,-1.77041429791282
lib126,chr7 p,-1.76701261776309
lib126,chr7 q,-1.77048700929191
lib126,chr8 p,-1.76378411917586
lib126,chr8 q,-1.77012749139748
lib126,chr9 p,-1.78465292792611
lib126,chr9 q,-1.74697279390942
lib129,chr1 p,0.512139573175666
lib129,chr1 q,0.677393356158817
lib129,chr10 p,0.471303509880748
lib129,chr10 q,0.479070207912028
lib129,chr11 p,0.529637201515269
lib129,chr11 q,0.482137205130103
lib129,chr12 p,0.63668120400268
lib129,chr12 q,0.598886027160901
lib129,chr13 q,0.708179576916116
lib129,chr14 q,0.614787518788157
lib129,chr15 q,0.520028069011459
lib129,chr16 p,0.433377373290075
lib129,chr16 q,0.467980812571408
lib129,chr17 p,0.436758638870063
lib129,chr17 q,0.491399459420174
lib129,chr18 p,0.577792318496149
lib129,chr18 q,0.604463625273532
lib129,chr19 p,0.301460232739917
lib129,chr19 q,0.319883454030529
lib129,chr2 p,0.676925988794486
lib129,chr2 q,0.688001190350212
lib129,chr20 p,0.494953038027618
lib129,chr20 q,0.46369265656707
lib129,chr21 q,0.608692820198329
lib129,chr22 q,0.269971355143398
lib129,chr3 p,0.589192232801183
lib129,chr3 q,0.683476550365476
lib129,chr4 p,0.686985669604944
lib129,chr4 q,0.660752054234111
lib129,chr5 p,0.718176774213776
lib129,chr5 q,0.671197208207507
lib129,chr6 p,0.586518758236266
lib129,chr6 q,0.729069279147426
lib129,chr7 p,0.66814067719937
lib129,chr7 q,0.785023662472749
lib129,chr8 p,0.623016534738155
lib129,chr8 q,0.712374997032987
lib129,chr9 p,0.617001139849813
lib129,chr9 q,0.501166290637633
lib131,chr1 p,1.44157418862286
lib131,chr1 q,1.48406199775134
lib131,chr10 p,1.40863839520178
lib131,chr10 q,1.4467014117961
lib131,chr11 p,1.55986816720049
lib131,chr11 q,1.45149675213326
lib131,chr12 p,1.54957458575901
lib131,chr12 q,1.49054161564528
lib131,chr13 q,1.58975732862289
lib131,chr14 q,1.50475536947955
lib131,chr15 q,1.40925541549158
lib131,chr16 p,1.32726306040675
lib131,chr16 q,1.38324292288602
lib131,chr17 p,1.27867777581593
lib131,chr17 q,1.29323122700668
lib131,chr18 p,1.44867136236044
lib131,chr18 q,1.58722946139396
lib131,chr19 p,1.06691884456975
lib131,chr19 q,1.23285987684745
lib131,chr2 p,1.47520719998453
lib131,chr2 q,1.53593524675686
lib131,chr20 p,1.53144161250052
lib131,chr20 q,1.2753196404202
lib131,chr21 q,1.51379151055099
lib131,chr22 q,1.17755923379723
lib131,chr3 p,1.53326961848961
lib131,chr3 q,1.56147398152136
lib131,chr4 p,1.59071497401637
lib131,chr4 q,1.63747241940241
lib131,chr5 p,1.61392702707483
lib131,chr5 q,1.5576481671167
lib131,chr6 p,1.41218908029049
lib131,chr6 q,1.60084071878105
lib131,chr7 p,1.53576047775841
lib131,chr7 q,1.5571004602047
lib131,chr8 p,1.46453086983318
lib131,chr8 q,1.575725116101
lib131,chr9 p,1.63681548566789
lib131,chr9 q,1.4149041137793
lib134,chr1 p,-1.39761331390811
lib134,chr1 q,-1.39414137586951
lib134,chr10 p,-1.39790519925841
lib134,chr10 q,-1.42164264350063
lib134,chr11 p,-1.42928499977213
lib134,chr11 q,-1.41349499465885
lib134,chr12 p,-1.39366256378326
lib134,chr12 q,-1.42652111560927
lib134,chr13 q,-1.45996318154493
lib134,chr14 q,-1.4295613827128
lib134,chr15 q,-1.40730902806347
lib134,chr16 p,-1.43499878693559
lib134,chr16 q,-1.44508147987263
lib134,chr17 p,-1.39977225715297
lib134,chr17 q,-1.38364670403889
lib134,chr18 p,-1.45025200633739
lib134,chr18 q,-1.46063279734223
lib134,chr19 p,-1.42568472741476
lib134,chr19 q,-1.45537264025805
lib134,chr2 p,-1.40530133243914
lib134,chr2 q,-1.42085239719963
lib134,chr20 p,-1.45342032524347
lib134,chr20 q,-1.40235719020042
lib134,chr21 q,-1.45831275929181
lib134,chr22 q,-1.37337693097644
lib134,chr3 p,-1.42766126774823
lib134,chr3 q,-1.41029563855893
lib134,chr4 p,-1.45267091407547
lib134,chr4 q,-1.42960002059843
lib134,chr5 p,-1.47716558568514
lib134,chr5 q,-1.42437124668979
lib134,chr6 p,-1.37176552731146
lib134,chr6 q,-1.42843547786743
lib134,chr7 p,-1.42992042155742
lib134,chr7 q,-1.43394807774084
lib134,chr8 p,-1.43512031326547
lib134,chr8 q,-1.43218712124143
lib134,chr9 p,-1.44903969889072
lib134,chr9 q,-1.4051412535763
lib136,chr1 p,7.42726105381275
lib136,chr1 q,7.55988291355718
lib136,chr10 p,7.35815834172276
lib136,chr10 q,7.46604092735228
lib136,chr11 p,7.81405471352331
lib136,chr11 q,7.57300611437373
lib136,chr12 p,7.77814571157002
lib136,chr12 q,7.64497015129592
lib136,chr13 q,8.07625294162728
lib136,chr14 q,7.70899065806546
lib136,chr15 q,7.35056629938396
lib136,chr16 p,7.07074808016833
lib136,chr16 q,7.27765825412749
lib136,chr17 p,6.89451762605368
lib136,chr17 q,6.90721127622228
lib136,chr18 p,7.46395520438745
lib136,chr18 q,8.00224397374482
lib136,chr19 p,6.26061795856473
lib136,chr19 q,6.78258023040259
lib136,chr2 p,7.60640445577226
lib136,chr2 q,7.79017658498302
lib136,chr20 p,7.66203741867224
lib136,chr20 q,6.79028763915513
lib136,chr21 q,7.78778115716428
lib136,chr22 q,6.4851231199892
lib136,chr3 p,7.74390712857648
lib136,chr3 q,7.88089232360889
lib136,chr4 p,7.93231120216949
lib136,chr4 q,8.18069523288615
lib136,chr5 p,8.13710074099343
lib136,chr5 q,7.8503527753225
lib136,chr6 p,7.28072737116382
lib136,chr6 q,8.00916319749235
lib136,chr7 p,7.77265088315147
lib136,chr7 q,7.91238375787534
lib136,chr8 p,7.51484692848042
lib136,chr8 q,7.90645359155014
lib136,chr9 p,8.22265042530073
lib136,chr9 q,7.31643832146915
lib139,chr1 p,-0.739931017528942
lib139,chr1 q,-0.735101927394763
lib139,chr10 p,-0.740011262589929
lib139,chr10 q,-0.74555802389678
lib139,chr11 p,-0.730385799808125
lib139,chr11 q,-0.736812585613155
lib139,chr12 p,-0.714628226634626
lib139,chr12 q,-0.743587158143582
lib139,chr13 q,-0.74907485951965
lib139,chr14 q,-0.744930075929445
lib139,chr15 q,-0.749843620608762
lib139,chr16 p,-0.74617122507732
lib139,chr16 q,-0.758173286681029
lib139,chr17 p,-0.75235934632117
lib139,chr17 q,-0.756643485811746
lib139,chr18 p,-0.761195368932089
lib139,chr18 q,-0.736479730956126
lib139,chr19 p,-0.820142828332773
lib139,chr19 q,-0.795134433706475
lib139,chr2 p,-0.740101383468529
lib139,chr2 q,-0.737106383896582
lib139,chr20 p,-0.742620119384765
lib139,chr20 q,-0.753639434646646
lib139,chr21 q,-0.762192751350498
lib139,chr22 q,-0.751022274639254
lib139,chr3 p,-0.734387123340857
lib139,chr3 q,-0.72598337282581
lib139,chr4 p,-0.730186276853085
lib139,chr4 q,-0.727523317074487
lib139,chr5 p,-0.716927189441758
lib139,chr5 q,-0.725877575539156
lib139,chr6 p,-0.743326870649747
lib139,chr6 q,-0.735111313700128
lib139,chr7 p,-0.737685344641787
lib139,chr7 q,-0.737458076098705
lib139,chr8 p,-0.758554859817701
lib139,chr8 q,-0.727902220587169
lib139,chr9 p,-0.714112449117851
lib139,chr9 q,-0.742970134412392
lib142,chr1 p,-0.520977353147483
lib142,chr1 q,-0.473271431270472
lib142,chr10 p,-0.52717245043886
lib142,chr10 q,-0.540000061592166
lib142,chr11 p,-0.458139136560514
lib142,chr11 q,-0.519855539558568
lib142,chr12 p,-0.417239482307993
lib142,chr12 q,-0.472010110780522
lib142,chr13 q,-0.43529573719252
lib142,chr14 q,-0.429140946672645
lib142,chr15 q,-0.476775204926398
lib142,chr16 p,-0.550710247871776
lib142,chr16 q,-0.550109006136813
lib142,chr17 p,-0.600332950049989
lib142,chr17 q,-0.496166361049805
lib142,chr18 p,-0.528227042541335
lib142,chr18 q,-0.476878216277099
lib142,chr19 p,-0.626656944651309
lib142,chr19 q,-0.563809796236474
lib142,chr2 p,-0.44840572888253
lib142,chr2 q,-0.431277641459161
lib142,chr20 p,-0.507825990731436
lib142,chr20 q,-0.533618765715786
lib142,chr21 q,-0.430842164104282
lib142,chr22 q,-0.594616922010571
lib142,chr3 p,-0.492631020447175
lib142,chr3 q,-0.434526925293346
lib142,chr4 p,-0.458360257808343
lib142,chr4 q,-0.425316914094418
lib142,chr5 p,-0.392771431001959
lib142,chr5 q,-0.467632572898012
lib142,chr6 p,-0.510110830459242
lib142,chr6 q,-0.425304467656676
lib142,chr7 p,-0.393672349824962
lib142,chr7 q,-0.410499141578318
lib142,chr8 p,-0.460130443296274
lib142,chr8 q,-0.417501786827775
lib142,chr9 p,-0.454063879263086
lib142,chr9 q,-0.497887469700674
lib150,chr1 p,1.74602180530889
lib150,chr1 q,1.77647908435992
lib150,chr10 p,1.74852174518805
lib150,chr10 q,1.75544911990303
lib150,chr11 p,1.82542670430224
lib150,chr11 q,1.75590628594615
lib150,chr12 p,1.87137570479371
lib150,chr12 q,1.79296791624458
lib150,chr13 q,1.92418183993492
lib150,chr14 q,1.81164659980922
lib150,chr15 q,1.74195608375631
lib150,chr16 p,1.59266219864264
lib150,chr16 q,1.69235214040897
lib150,chr17 p,1.53745893491109
lib150,chr17 q,1.59162954065086
lib150,chr18 p,1.80707959476185
lib150,chr18 q,1.9162763167645
lib150,chr19 p,1.32717254946798
lib150,chr19 q,1.47561613471883
lib150,chr2 p,1.79080739712418
lib150,chr2 q,1.8692161236491
lib150,chr20 p,1.80721597319814
lib150,chr20 q,1.55600676374657
lib150,chr21 q,1.84243117724703
lib150,chr22 q,1.47565055249877
lib150,chr3 p,1.82178519777862
lib150,chr3 q,1.87237607100068
lib150,chr4 p,1.85148763264852
lib150,chr4 q,1.97502664921551
lib150,chr5 p,1.91974157477708
lib150,chr5 q,1.85578927966578
lib150,chr6 p,1.71450011792297
lib150,chr6 q,1.910204523313
lib150,chr7 p,1.8420377724962
lib150,chr7 q,1.87553820982949
lib150,chr8 p,1.78651941230421
lib150,chr8 q,1.8812186783476
lib150,chr9 p,1.95980889207981
lib150,chr9 q,1.709426701673
lib158,chr1 p,3.52606243427148
lib158,chr1 q,3.55021246698657
lib158,chr10 p,3.52155588556194
lib158,chr10 q,3.5290515585844
lib158,chr11 p,3.56536767684095
lib158,chr11 q,3.53203942008407
lib158,chr12 p,3.58647985337444
lib158,chr12 q,3.51870522193632
lib158,chr13 q,3.6252950031411
lib158,chr14 q,3.5443802955501
lib158,chr15 q,3.49990450003761
lib158,chr16 p,3.38831392904842
lib158,chr16 q,3.42429334648953
lib158,chr17 p,3.40044851509317
lib158,chr17 q,3.37236887880863
lib158,chr18 p,3.49730496967959
lib158,chr18 q,3.59361682097247
lib158,chr19 p,3.10126247603868
lib158,chr19 q,3.26215888320805
lib158,chr2 p,3.55662022742142
lib158,chr2 q,3.59287221963745
lib158,chr20 p,3.54510190112
lib158,chr20 q,3.32728514602484
lib158,chr21 q,3.57047656794662
lib158,chr22 q,3.25272683957289
lib158,chr3 p,3.54850376621734
lib158,chr3 q,3.58238776310441
lib158,chr4 p,3.60816401254193
lib158,chr4 q,3.61179487224793
lib158,chr5 p,3.57276115060285
lib158,chr5 q,3.58359802427872
lib158,chr6 p,3.48303026040533
lib158,chr6 q,3.59876102831931
lib158,chr7 p,3.57140656423834
lib158,chr7 q,3.60122739864434
lib158,chr8 p,3.49366228583196
lib158,chr8 q,3.58899721332127
lib158,chr9 p,3.5878122934754
lib158,chr9 q,3.50495881613436
lib161,chr1 p,-1.9820840621371
lib161,chr1 q,-1.9787719226134
lib161,chr10 p,-1.98533290629932
lib161,chr10 q,-2.0000049364368
lib161,chr11 p,-2.00348558508834
lib161,chr11 q,-2.00027956827076
lib161,chr12 p,-1.99541501663883
lib161,chr12 q,-2.01257644641102
lib161,chr13 q,-2.04698978698611
lib161,chr14 q,-2.02101820606407
lib161,chr15 q,-1.99774625248028
lib161,chr16 p,-1.99650230835068
lib161,chr16 q,-2.01603524895515
lib161,chr17 p,-1.98408406151912
lib161,chr17 q,-1.97091925643867
lib161,chr18 p,-2.03207775634648
lib161,chr18 q,-2.04281701412124
lib161,chr19 p,-1.95241688413933
lib161,chr19 q,-1.99820893366572
lib161,chr2 p,-1.98107955234709
lib161,chr2 q,-1.99690991772984
lib161,chr20 p,-2.03424368690759
lib161,chr20 q,-1.97251781233495
lib161,chr21 q,-2.03605590320903
lib161,chr22 q,-1.94771789800636
lib161,chr3 p,-2.00615249854251
lib161,chr3 q,-1.99905454801811
lib161,chr4 p,-2.01408560867544
lib161,chr4 q,-2.00411102089843
lib161,chr5 p,-2.03628518350814
lib161,chr5 q,-2.00581503868611
lib161,chr6 p,-1.96265318174674
lib161,chr6 q,-2.01684383197749
lib161,chr7 p,-2.01477355590602
lib161,chr7 q,-2.02133537363439
lib161,chr8 p,-1.99884556737096
lib161,chr8 q,-2.01041535695597
lib161,chr9 p,-2.02617288290216
lib161,chr9 q,-1.98919547157191
lib162,chr1 p,-0.502681688625825
lib162,chr1 q,-0.486502416533377
lib162,chr10 p,-0.510147626850169
lib162,chr10 q,-0.504543990146994
lib162,chr11 p,-0.476486563211382
lib162,chr11 q,-0.499396350381468
lib162,chr12 p,-0.457435410030556
lib162,chr12 q,-0.500696445560606
lib162,chr13 q,-0.464015602044225
lib162,chr14 q,-0.490558019933898
lib162,chr15 q,-0.523830274479013
lib162,chr16 p,-0.553074354723506
lib162,chr16 q,-0.530445461900141
lib162,chr17 p,-0.555981342790576
lib162,chr17 q,-0.551209482316025
lib162,chr18 p,-0.520550691556812
lib162,chr18 q,-0.46655236105272
lib162,chr19 p,-0.648999339875346
lib162,chr19 q,-0.610882392563181
lib162,chr2 p,-0.489226388460253
lib162,chr2 q,-0.467265930886559
lib162,chr20 p,-0.491664171850286
lib162,chr20 q,-0.563908639087154
lib162,chr21 q,-0.491275083035557
lib162,chr22 q,-0.594787856822187
lib162,chr3 p,-0.48063188150617
lib162,chr3 q,-0.47104511981546
lib162,chr4 p,-0.463219521125318
lib162,chr4 q,-0.423696200840886
lib162,chr5 p,-0.451231047210466
lib162,chr5 q,-0.472989311878408
lib162,chr6 p,-0.507275523150105
lib162,chr6 q,-0.454558632916196
lib162,chr7 p,-0.482227528887767
lib162,chr7 q,-0.468080499392361
lib162,chr8 p,-0.490786107465416
lib162,chr8 q,-0.47112208140202
lib162,chr9 p,-0.444051330506813
lib162,chr9 q,-0.517542870891981
lib164,chr1 p,1.86018708209619
lib164,chr1 q,1.87226403028432
lib164,chr10 p,1.83616964351274
lib164,chr10 q,1.84806663347194
lib164,chr11 p,1.87855238691155
lib164,chr11 q,1.86131329410343
lib164,chr12 p,1.88818393038432
lib164,chr12 q,1.90243171029757
lib164,chr13 q,1.93886029211883
lib164,chr14 q,1.90253998551635
lib164,chr15 q,1.82610700782113
lib164,chr16 p,1.80728932782471
lib164,chr16 q,1.83982341631671
lib164,chr17 p,1.8258078321792
lib164,chr17 q,1.79740403712013
lib164,chr18 p,1.85754118883065
lib164,chr18 q,1.89127785967205
lib164,chr19 p,1.86250078528372
lib164,chr19 q,1.89854467065548
lib164,chr2 p,1.86940905792878
lib164,chr2 q,1.9149370291149
lib164,chr20 p,1.81312207323782
lib164,chr20 q,1.75965413757736
lib164,chr21 q,1.92058812644199
lib164,chr22 q,1.73340125565892
lib164,chr3 p,1.87294612823682
lib164,chr3 q,1.91897989535207
lib164,chr4 p,1.91717550543943
lib164,chr4 q,1.95180232370693
lib164,chr5 p,1.98507315897733
lib164,chr5 q,1.91397966066929
lib164,chr6 p,1.78866022367652
lib164,chr6 q,1.92987288132364
lib164,chr7 p,1.90836970113743
lib164,chr7 q,1.93794617402524
lib164,chr8 p,1.89373990211403
lib164,chr8 q,1.91351184644451
lib164,chr9 p,1.94617084415909
lib164,chr9 q,1.83593906996854
lib169,chr1 p,-1.8617032945378
lib169,chr1 q,-1.86138836402468
lib169,chr10 p,-1.85479500013981
lib169,chr10 q,-1.87056024734958
lib169,chr11 p,-1.88041408172678
lib169,chr11 q,-1.87220530767146
lib169,chr12 p,-1.86812191994676
lib169,chr12 q,-1.87483375105457
lib169,chr13 q,-1.90393725497892
lib169,chr14 q,-1.88467543117038
lib169,chr15 q,-1.8719675867572
lib169,chr16 p,-1.86017214656758
lib169,chr16 q,-1.88005648163258
lib169,chr17 p,-1.86479790751669
lib169,chr17 q,-1.83944032679693
lib169,chr18 p,-1.89589690961717
lib169,chr18 q,-1.90791862364702
lib169,chr19 p,-1.81991869952713
lib169,chr19 q,-1.86051175241791
lib169,chr2 p,-1.87084871262935
lib169,chr2 q,-1.87397879085229
lib169,chr20 p,-1.89748655458081
lib169,chr20 q,-1.84333786096727
lib169,chr21 q,-1.89852820863169
lib169,chr22 q,-1.82058038367771
lib169,chr3 p,-1.8843187634632
lib169,chr3 q,-1.87450386507666
lib169,chr4 p,-1.88745203572825
lib169,chr4 q,-1.87557218198732
lib169,chr5 p,-1.89987542166506
lib169,chr5 q,-1.87883865457948
lib169,chr6 p,-1.85415221831337
lib169,chr6 q,-1.88417303753298
lib169,chr7 p,-1.88147057474127
lib169,chr7 q,-1.88332934938993
lib169,chr8 p,-1.87536062722116
lib169,chr8 q,-1.88531894084459
lib169,chr9 p,-1.88550351532173
lib169,chr9 q,-1.86329295345598
lib175,chr1 p,6.58161587692154
lib175,chr1 q,7.66121312925354
lib175,chr10 p,6.61291593830026
lib175,chr10 q,6.63394506081423
lib175,chr11 p,7.58688801695433
lib175,chr11 q,6.65378608156844
lib175,chr12 p,7.66674402816362
lib175,chr12 q,7.45789782501044
lib175,chr13 q,8.4683613811239
lib175,chr14 q,8.1572668060142
lib175,chr15 q,7.69551605025158
lib175,chr16 p,6.56074831516593
lib175,chr16 q,6.76995042333453
lib175,chr17 p,5.80295414180858
lib175,chr17 q,7.64319170272518
lib175,chr18 p,6.95407292988447
lib175,chr18 q,7.51330959859012
lib175,chr19 p,5.46670336077792
lib175,chr19 q,6.07125179281802
lib175,chr2 p,8.04342924365745
lib175,chr2 q,8.2343610064595
lib175,chr20 p,7.24611578158175
lib175,chr20 q,6.91412061860134
lib175,chr21 q,8.51609929164006
lib175,chr22 q,5.92686901800803
lib175,chr3 p,7.48892011672661
lib175,chr3 q,7.77356479314512
lib175,chr4 p,7.91372891088265
lib175,chr4 q,7.90233596225445
lib175,chr5 p,8.9432639964987
lib175,chr5 q,7.22196433255972
lib175,chr6 p,7.38584518824866
lib175,chr6 q,8.10306562209698
lib175,chr7 p,9.15654582548868
lib175,chr7 q,9.00258291438334
lib175,chr8 p,8.14282716829834
lib175,chr8 q,8.71409967608641
lib175,chr9 p,7.32212271582087
lib175,chr9 q,7.29472204725707
lib181,chr1 p,-2.18447959296095
lib181,chr1 q,-2.19551099365775
lib181,chr10 p,-2.18130373997014
lib181,chr10 q,-2.20223712150615
lib181,chr11 p,-2.22440337573597
lib181,chr11 q,-2.20537898503102
lib181,chr12 p,-2.20558075501293
lib181,chr12 q,-2.21360714180307
lib181,chr13 q,-2.27610104895837
lib181,chr14 q,-2.23131061004123
lib181,chr15 q,-2.19384094093545
lib181,chr16 p,-2.15405314354098
lib181,chr16 q,-2.19385608585419
lib181,chr17 p,-2.14102783913881
lib181,chr17 q,-2.12978354952411
lib181,chr18 p,-2.22196330666906
lib181,chr18 q,-2.27071339609236
lib181,chr19 p,-2.07524447977396
lib181,chr19 q,-2.14713064074243
lib181,chr2 p,-2.20202646164774
lib181,chr2 q,-2.22499667828181
lib181,chr20 p,-2.24006167854313
lib181,chr20 q,-2.1204844218051
lib181,chr21 q,-2.24980643992214
lib181,chr22 q,-2.08182575409757
lib181,chr3 p,-2.22684639604727
lib181,chr3 q,-2.23028472547955
lib181,chr4 p,-2.25227147468483
lib181,chr4 q,-2.25313467390616
lib181,chr5 p,-2.28001257789126
lib181,chr5 q,-2.23321222011581
lib181,chr6 p,-2.16480578728257
lib181,chr6 q,-2.25234500875842
lib181,chr7 p,-2.23305262239272
lib181,chr7 q,-2.24518966051181
lib181,chr8 p,-2.20906433136304
lib181,chr8 q,-2.238080751666
lib181,chr9 p,-2.27324679404502
lib181,chr9 q,-2.18218150944561
lib184,chr1 p,0.785984358274033
lib184,chr1 q,0.865435300970802
lib184,chr10 p,0.709266056674424
lib184,chr10 q,0.71661115572447
lib184,chr11 p,0.717773191770383
lib184,chr11 q,0.742596393120535
lib184,chr12 p,0.778139949641697
lib184,chr12 q,0.747770267587995
lib184,chr13 q,0.721716666633649
lib184,chr14 q,0.727262353893078
lib184,chr15 q,0.70119418804436
lib184,chr16 p,0.737193247866583
lib184,chr16 q,0.68345208387504
lib184,chr17 p,0.658453225085215
lib184,chr17 q,0.649115804766228
lib184,chr18 p,0.685618271860146
lib184,chr18 q,0.72154595117814
lib184,chr19 p,0.616995618690003
lib184,chr19 q,0.648066223053547
lib184,chr2 p,0.860493466411867
lib184,chr2 q,0.880557955040933
lib184,chr20 p,0.658447532988908
lib184,chr20 q,0.662412145464821
lib184,chr21 q,0.67197933970873
lib184,chr22 q,0.554406881672501
lib184,chr3 p,0.86489103270807
lib184,chr3 q,0.864474814917031
lib184,chr4 p,0.861087805171443
lib184,chr4 q,0.874841905410258
lib184,chr5 p,0.886037163085265
lib184,chr5 q,0.832340386648297
lib184,chr6 p,0.751139583968101
lib184,chr6 q,0.85314775336885
lib184,chr7 p,0.823730821173931
lib184,chr7 q,0.842374109129674
lib184,chr8 p,0.800765865876012
lib184,chr8 q,0.849344889906738
lib184,chr9 p,0.822667222237916
lib184,chr9 q,0.727098257754969
lib193,chr1 p,-0.244272451759129
lib193,chr1 q,-0.228427171416061
lib193,chr10 p,-0.258040503004584
lib193,chr10 q,-0.258884066562591
lib193,chr11 p,-0.216617924472517
lib193,chr11 q,-0.24597659990429
lib193,chr12 p,-0.204808678239335
lib193,chr12 q,-0.250104737265145
lib193,chr13 q,-0.254185402759841
lib193,chr14 q,-0.24497600954515
lib193,chr15 q,-0.246421363566273
lib193,chr16 p,-0.300199353975945
lib193,chr16 q,-0.283329997982501
lib193,chr17 p,-0.30722529663817
lib193,chr17 q,-0.261352678122485
lib193,chr18 p,-0.26131020268802
lib193,chr18 q,-0.247321489021489
lib193,chr19 p,-0.36821879094043
lib193,chr19 q,-0.313991613443222
lib193,chr2 p,-0.243292929780145
lib193,chr2 q,-0.245738715651629
lib193,chr20 p,-0.242968320359873
lib193,chr20 q,-0.28226773158019
lib193,chr21 q,-0.253348208082626
lib193,chr22 q,-0.293809639080019
lib193,chr3 p,-0.238981965682763
lib193,chr3 q,-0.230404730268965
lib193,chr4 p,-0.260898531115665
lib193,chr4 q,-0.230272212984883
lib193,chr5 p,-0.254134864199887
lib193,chr5 q,-0.233684886668304
lib193,chr6 p,-0.2360279201723
lib193,chr6 q,-0.229471169238963
lib193,chr7 p,-0.246043863355583
lib193,chr7 q,-0.244885154109642
lib193,chr8 p,-0.264258292264051
lib193,chr8 q,-0.230800607134537
lib193,chr9 p,-0.237089325013121
lib193,chr9 q,-0.248073208767796
lib202,chr1 p,-1.0295580316214
lib202,chr1 q,-0.995919026652101
lib202,chr10 p,-1.08159139147658
lib202,chr10 q,-1.07542753359329
lib202,chr11 p,-1.03648236717603
lib202,chr11 q,-1.06923486233928
lib202,chr12 p,-1.0136348750288
lib202,chr12 q,-1.0456412355667
lib202,chr13 q,-1.01633947984481
lib202,chr14 q,-1.05079130704998
lib202,chr15 q,-1.05790941515652
lib202,chr16 p,-1.14173696080431
lib202,chr16 q,-1.10553780748148
lib202,chr17 p,-1.13921449576415
lib202,chr17 q,-1.12272207422601
lib202,chr18 p,-1.09803246000102
lib202,chr18 q,-1.05168415710085
lib202,chr19 p,-1.17465698671352
lib202,chr19 q,-1.16533669148747
lib202,chr2 p,-1.00243784253367
lib202,chr2 q,-0.977630042369655
lib202,chr20 p,-1.08568564154532
lib202,chr20 q,-1.13071656531416
lib202,chr21 q,-1.05381487720065
lib202,chr22 q,-1.16096193840823
lib202,chr3 p,-1.00300324566044
lib202,chr3 q,-0.966149144497986
lib202,chr4 p,-0.998288812199518
lib202,chr4 q,-0.946560236216655
lib202,chr5 p,-0.981988811980434
lib202,chr5 q,-0.997398470671104
lib202,chr6 p,-1.03598825221995
lib202,chr6 q,-0.971324041999537
lib202,chr7 p,-1.01281904562937
lib202,chr7 q,-1.00276373166855
lib202,chr8 p,-1.05821323372324
lib202,chr8 q,-0.977120400249178
lib202,chr9 p,-0.975858061134696
lib202,chr9 q,-1.07126580466691
lib205,chr1 p,3.00840202154364
lib205,chr1 q,3.18211262931438
lib205,chr10 p,2.71441669889111
lib205,chr10 q,2.90182810231439
lib205,chr11 p,3.13119848491885
lib205,chr11 q,2.92266668883365
lib205,chr12 p,3.10380513989019
lib205,chr12 q,2.99870944481979
lib205,chr13 q,3.22003700629926
lib205,chr14 q,3.32911585350579
lib205,chr15 q,3.03849960391028
lib205,chr16 p,2.65017785285406
lib205,chr16 q,2.8152434501487
lib205,chr17 p,2.47610772173818
lib205,chr17 q,2.51646682702318
lib205,chr18 p,3.1844490371127
lib205,chr18 q,3.60691823881345
lib205,chr19 p,2.22105361875471
lib205,chr19 q,2.58342713133323
lib205,chr2 p,3.1265838650658
lib205,chr2 q,3.19397140060563
lib205,chr20 p,3.04826456131979
lib205,chr20 q,2.72114084798635
lib205,chr21 q,3.3723891277456
lib205,chr22 q,2.41892582126666
lib205,chr3 p,3.2461201555505
lib205,chr3 q,3.39712250131739
lib205,chr4 p,3.30214751425486
lib205,chr4 q,3.45101516335226
lib205,chr5 p,3.51664806005006
lib205,chr5 q,3.33837419339617
lib205,chr6 p,2.92371543481925
lib205,chr6 q,3.36388637488798
lib205,chr7 p,3.51186760943181
lib205,chr7 q,3.47762234583283
lib205,chr8 p,3.09582253162913
lib205,chr8 q,3.7034780786354
lib205,chr9 p,3.66417919076901
lib205,chr9 q,3.05387296661161
lib218,chr1 p,1.61652415908826
lib218,chr1 q,1.6451873640972
lib218,chr10 p,1.62408653961141
lib218,chr10 q,1.62483162691854
lib218,chr11 p,1.68946808026263
lib218,chr11 q,1.63223496940945
lib218,chr12 p,1.72626768664679
lib218,chr12 q,1.66212643977613
lib218,chr13 q,1.82229798665693
lib218,chr14 q,1.69672888699886
lib218,chr15 q,1.6157262799463
lib218,chr16 p,1.47029152493642
lib218,chr16 q,1.63128160771494
lib218,chr17 p,1.42864204442483
lib218,chr17 q,1.54472906563771
lib218,chr18 p,1.62957141656935
lib218,chr18 q,1.78697459578858
lib218,chr19 p,1.23306030424567
lib218,chr19 q,1.40182833854107
lib218,chr2 p,1.6783567702071
lib218,chr2 q,1.72946107494241
lib218,chr20 p,1.68071455971283
lib218,chr20 q,1.45309923117143
lib218,chr21 q,1.76845950890146
lib218,chr22 q,1.39231033545752
lib218,chr3 p,1.69769498745598
lib218,chr3 q,1.75176380368939
lib218,chr4 p,1.73888152344528
lib218,chr4 q,1.82855026558354
lib218,chr5 p,1.78231418701189
lib218,chr5 q,1.71916392215088
lib218,chr6 p,1.99976086685576
lib218,chr6 q,1.77181894088679
lib218,chr7 p,1.71113607106065
lib218,chr7 q,1.70939481629327
lib218,chr8 p,1.61273955853452
lib218,chr8 q,1.7409599332368
lib218,chr9 p,1.8064271359398
lib218,chr9 q,1.57966880885835
lib241,chr1 p,-1.9559468089416
lib241,chr1 q,-1.97278625139926
lib241,chr10 p,-1.95193915684814
lib241,chr10 q,-1.97490579989124
lib241,chr11 p,-2.00521251915287
lib241,chr11 q,-1.9799785687007
lib241,chr12 p,-1.98412564158974
lib241,chr12 q,-1.98916662665537
lib241,chr13 q,-2.06945073859194
lib241,chr14 q,-2.00636093983138
lib241,chr15 q,-1.96680911639731
lib241,chr16 p,-1.91809276443497
lib241,chr16 q,-1.9619154024322
lib241,chr17 p,-1.8930331939694
lib241,chr17 q,-1.89434725087373
lib241,chr18 p,-2.00455595533608
lib241,chr18 q,-2.05995215056857
lib241,chr19 p,-1.78623837239836
lib241,chr19 q,-1.87121854181558
lib241,chr2 p,-1.98112417118527
lib241,chr2 q,-2.00625071026131
lib241,chr20 p,-2.02631202909257
lib241,chr20 q,-1.90134528067751
lib241,chr21 q,-2.03228280910996
lib241,chr22 q,-1.84513801827988
lib241,chr3 p,-2.00331199441267
lib241,chr3 q,-2.01012592266328
lib241,chr4 p,-2.0299631052003
lib241,chr4 q,-2.03797968148697
lib241,chr5 p,-2.05358482418422
lib241,chr5 q,-2.01039240826198
lib241,chr6 p,-1.94659284780244
lib241,chr6 q,-2.03359438124571
lib241,chr7 p,-2.01119446216516
lib241,chr7 q,-2.01139492991942
lib241,chr8 p,-1.98316092833195
lib241,chr8 q,-2.02039714352652
lib241,chr9 p,-2.04539574230172
lib241,chr9 q,-1.95623552278392
lib242,chr1 p,-1.80825254984572
lib242,chr1 q,-1.80478020445677
lib242,chr10 p,-1.80916733223042
lib242,chr10 q,-1.82419766623168
lib242,chr11 p,-1.81986158441222
lib242,chr11 q,-1.81902064353807
lib242,chr12 p,-1.79170291782305
lib242,chr12 q,-1.82234525317097
lib242,chr13 q,-1.83831687615601
lib242,chr14 q,-1.82574976960872
lib242,chr15 q,-1.81993632739716
lib242,chr16 p,-1.82473868792081
lib242,chr16 q,-1.84184362529353
lib242,chr17 p,-1.81349851628746
lib242,chr17 q,-1.80091597893298
lib242,chr18 p,-1.84525679575803
lib242,chr18 q,-1.84988116094957
lib242,chr19 p,-1.79524202420506
lib242,chr19 q,-1.82783222887918
lib242,chr2 p,-1.80692107223041
lib242,chr2 q,-1.80886961864141
lib242,chr20 p,-1.85023775426336
lib242,chr20 q,-1.80924730214901
lib242,chr21 q,-1.83985501005755
lib242,chr22 q,-1.79040089304905
lib242,chr3 p,-1.8262291266696
lib242,chr3 q,-1.80658787271498
lib242,chr4 p,-1.83581504481775
lib242,chr4 q,-1.79810350393859
lib242,chr5 p,-1.84707859441142
lib242,chr5 q,-1.8135921291135
lib242,chr6 p,-1.78990127132497
lib242,chr6 q,-1.81441413772185
lib242,chr7 p,-1.8210459768407
lib242,chr7 q,-1.82121424812516
lib242,chr8 p,-1.81932706841733
lib242,chr8 q,-1.82007483420334
lib242,chr9 p,-1.82434828686277
lib242,chr9 q,-1.80872888681078
lib244,chr1 p,-2.19411649272591
lib244,chr1 q,-2.19884478522005
lib244,chr10 p,-2.19569071400782
lib244,chr10 q,-2.21322295124922
lib244,chr11 p,-2.23984595953842
lib244,chr11 q,-2.21784959905263
lib244,chr12 p,-2.21854196426515
lib244,chr12 q,-2.22932602593208
lib244,chr13 q,-2.29690569782229
lib244,chr14 q,-2.24417211849044
lib244,chr15 q,-2.20600799843162
lib244,chr16 p,-2.16539522760345
lib244,chr16 q,-2.21228866887583
lib244,chr17 p,-2.15060880150815
lib244,chr17 q,-2.14465822828269
lib244,chr18 p,-2.24772966307447
lib244,chr18 q,-2.2887626552244
lib244,chr19 p,-2.05994197690908
lib244,chr19 q,-2.14605374896548
lib244,chr2 p,-2.21357716338097
lib244,chr2 q,-2.23612166713951
lib244,chr20 p,-2.26110615774589
lib244,chr20 q,-2.14782623498193
lib244,chr21 q,-2.26394761612537
lib244,chr22 q,-2.10286972868319
lib244,chr3 p,-2.23813408161744
lib244,chr3 q,-2.24017868270574
lib244,chr4 p,-2.26209538293288
lib244,chr4 q,-2.26086314059986
lib244,chr5 p,-2.28737540073956
lib244,chr5 q,-2.24261027459383
lib244,chr6 p,-2.18207713384026
lib244,chr6 q,-2.25704393388042
lib244,chr7 p,-2.24482163216816
lib244,chr7 q,-2.25453874638537
lib244,chr8 p,-2.21193365395501
lib244,chr8 q,-2.25107771955751
lib244,chr9 p,-2.27645574649695
lib244,chr9 q,-2.1924087670555
